word,meaning,repetition
occur,일어나다,20
await,기다리다,20
control,억제하다,19
elephant,코끼리,19
ultimate,최후의,18
old,늙은,17
illusion,환영,17
contact,접촉,17
method,방법,16
one,하나(의),16
educate,교육하다,15
element,요소,14
up,위로,14
neighbor,이웃사람(나라),13
illustrate,설명하다,13
ridiculous,어리석은,12
effort,노력,11
chorus,합창,11
intense,강렬한,11
circumstance,환경,10
grateful,고맙게 생각하는,10
stuff,재료,10
great,커다란,10
grace,은총,10
mother,어머니,10
wreck,난파,10
yes,예,10
absurd,불합리한,10
power,힘,10
pepper,고추,10
cluster,떼,10
permanent,영구의,10
perceive,지각하다,10
acid,산 신,10
grow,성장하다,10
gear,톱니바퀴,10
clock,시계,10
about,-에 대하여,10
jury,배심,10
world,세계,10
succeed,성공하다,10
plain,분명한,10
woman,부인,10
witness,증언,10
glare,번쩍이는 빛,10
with,함께,10
collect,모으다,10
portrait,초상,10
save,위험에서 구하다,10
harvest,수확,10
fund,기금,10
pause,중지,10
pick,따다,10
college,단과대학,10
adverse,거꾸로의,10
around,사방에,10
swallow,삼키다,10
peak,(뾰족한)끝,10
adult,성인,10
wicked,사악한,10
isolate,고립시키다,10
happen,(사건 등이)일어나다,10
chase,쫓다,10
flow,흐르다,10
administer,관리하다,10
stretch,뻗치다,10
weekend,주말 주말의 주말을 지내다,10
nation,국가,10
forehead,이마,10
print,"인쇄하다, 프린트하다",10
commit,위탁하다,10
get,얻다,10
while,동안 -하는 동안,10
marvel,경이,10
formal,형식상의,10
wheel,바퀴,10
forth,앞으로,10
irritate,노하게 하다,10
survey,둘러보다,10
knife,나이프,10
chef,쿡,10
flip,튀기다 홱 움직이다 튀기기,10
experience,경험,10
target,과녁,10
proof,증명,10
cart,(2륜)짐마차,10
fierce,흉포한,10
stop,멈추다,10
flee,달아나다,10
puppy,강아지,10
sustain,떠받치다,10
irony,반어,10
much,많은,10
apple,사과,10
price,"값, 가격, 대가, 정가",10
flat,편평한,10
fortune,운,10
particle,입자,10
past,과거,10
swift,빠른,10
switch,회초리,10
quarter,1,10
moon,달,10
float,뜨다,10
finish,끝내다,10
auction,경매,10
cause,원인,10
various,가지가지의,10
label,라벨,10
call,부르다,10
usual,평소의,10
fool,바보,10
polish,"닦다, 갈다, 윤내다",10
spread,펴다,10
fear,두려움,10
complicate,복잡하게 하다,10
recognize,인정하다,10
marry,결혼하다,10
protect,"보호하다, 막다, 지키다, 비호하다",10
flexible,구부리기 쉬운,10
censor,검열관,10
pursue,"쫓다, 추적하다, 몰다",10
amplify,확대하다,10
commodity,상품,10
situation,장소,10
condemn,나무라다,10
regulate,규정하다,10
waste,낭비하다,10
century,1세기,10
substance,물질,10
labor,노동,10
reveal,나타내다,10
proper,"고유의, 독특한, 본연의,  특유한",10
promote,"승진시키다 진행시키다,",10
angle,각,10
hill,"언덕, 낮은 산 인도 고지",10
angel,천사,10
female,여성,10
cathedral,대성당,10
recruit,신병,10
outline,윤곽,10
bulk,부피,10
cater,음식물을 마련하다,10
eyebrow,눈썹,10
concentrate,집중하다,10
virtue,"덕, 덕행, 선, 선행",10
casual,우연한,10
preach,설교하다,10
fame,명성,10
concern,관계하다,10
palm,손바닥,10
retail,소매,10
fascinate,황홀케 하다,10
excite,흥분시키다,10
oppose,반대하다,10
stage,무대,10
hurry,서두르다,10
memory,기억,10
entitle,자격을 주다,10
reserve,따로 두다,10
attain,이르다,10
temperature,온도,10
equate,같게하다,10
alone,다만 홀로(혼자서),10
similar,유사한,10
arrive,도착하다,10
substitute,대용하다 대신하다 대리(인),10
complement,보완하는 것,10
disturb,교란하다,10
prefer,"오히려 …을 좋아하다,",10
crew,승무원,10
button,단추 단추를 채우다 단추로 채워지다,10
boat,배,10
cry,소리치다,10
obvious,명백한,10
busy,바쁜,10
tea,차,10
barrier,장벽,10
confuse,혼란시키다,10
vast,"광대한, 광막한 막대한",10
intermediate,중간의 중간물,10
cap,모자,10
reply,대답하다,10
space,공간,10
tradition,전설,10
negotiate,교섭하다,10
caption,표제,10
refer,조회시키다,10
rude,버릇없는,10
convince,확신시키다,10
draft,초고,10
but,그러나 다만 (-을)제외하고,10
rough,거친,10
skin,피부,10
though,-임에도 불구하고 그러나,10
leaf,잎,10
without,prop.-없이 밖은,10
complete,완성하다,10
scarce,부족한,10
soon,얼마 안 가서,10
myth,신화,10
pure,"순수한  깨끗한, 순전한, 결백한",10
lawn,잔디밭,10
criticize,비평하다,10
smell,냄새,10
shy,수줍은,10
behalf,위함,10
brother,형제,10
incline,기울이다,10
discount,할인,10
correct,옳은,10
international,국제적인,10
shoot,쏘다,10
leave,남기고가다,10
trick,책략,10
mode,방법,10
aspire,열망하다,10
devil,악마,10
sentence,문장,10
big,큰,10
several,수개의,10
cousin,사촌,10
design,디자인,10
athlete,운동가,10
abandon,버리다,10
verse,"시의 한 줄, 시구  일련의 시구",10
mission,사명,10
sand,모래사장,10
document,서류,10
rid,면하게하다,10
literature,문학,10
rule,규칙,10
exam,시험,10
confront,직면하다,10
excellent,우수한,10
resort,(자주)가다,10
bath,목욕,10
revenge,복수,10
rot,썩다,10
deposit,예금,10
bottle,병,10
bottom,밑바닥,10
damage,손해,10
carrot,당근,10
till,-까지,10
single,단 하나의,10
tidy,말쑥한,10
craft,솜씨,10
simultaneous,동시에 일어나는(존재하는),10
slice,얇은조각,10
shift,옮기다,10
database,데이터베이스,10
book,책,10
depend,좌우되다,10
dare,au감히 -하다,10
sad,슬픈,10
purchase,"사다, 구입하다",10
shadow,그림자,10
sentiment,정서,10
potato,감자,10
cinema,영화관,10
disgust,불쾌하게 하다,10
moreover,그 위에,10
tense,시제,10
skip,도약,10
text,원문,10
hammer,망치,10
territory,영토,10
district,지구,10
dance,댄스,10
resolve,분해하다,10
dash,돌진,10
must,-해야 한다,10
measure,재다,10
push,"밀다, 밀치다, 밀어서 움직 이다, 밀어 내다",10
follow,쫓다,10
turn,돌리다,10
day,낮,10
dish,접시,10
holy,신성한,10
ask,묻다,10
hardly,거의 -아니다,10
roar,으르렁거리다 으르렁소리,10
nanny,유모,10
arise,생기다,10
motive,동기,10
commerce,상업,10
compromise,타협 타협하다,10
submarine,잠수함,10
shine,빛나다,10
worry,근심하다,10
young,젊은,10
bug,벌레,10
murder,살인,10
spend,소비하다,10
fare,요금,10
crawl,네발로 기다,10
treaty,조약,10
tree,나무,10
cough,기침 기침을 하다 기침을 하여 -을 뱉어내다,10
tale,이야기,10
else,그 밖에,9
urge,몰아대다,9
enclose,에워싸다,9
tag,손잡이가죽,9
vague,막연한,9
lane,좁은길,9
water,물,9
far,멀리,9
identical,아주 동일한,9
than,-보다도,9
answer,대답,9
wash,씻다,9
wage,임금,9
care,걱정,9
buzz,윙윙거리는 소리,9
artificial,인공의,9
thick,두꺼운,9
brief,단시간의,9
roll,구르다,9
bridge,다리,9
include,포함하다,9
laboratory,실험실,9
romantic,전기소설적인,9
ladder,사닥다리,9
extinct,꺼진,9
vary,바꾸다,9
surrender,넘겨주다,9
affect,영향을 주다,9
admit,받아들이다,9
cabin,선실,9
legal,법률상의,9
analyze,분해하다,9
want,결핍,9
dynamic,동적인,9
animal,동물,9
anger,성,9
war,전쟁,9
wander,헤매다,9
art,예술,9
area,면적,9
empire,제국,9
route,길,9
atom,원자,9
equal,같은,9
vice,"악덕,  비행, 타락 행위",9
warehouse,창고,9
system,조직,9
wet,축축한,9
category,범주,9
mature,익은,9
week,주,9
check,방해,9
chain,사슬,9
trust,신용,9
you,당신,9
zebra,얼룩말,9
support,지탱하다,9
restroom,화장실,9
try,시험해보다,9
resist,저항하다,9
row,줄,9
off,떨어져,9
live,살다,9
countryside,시골,9
guide,이끌다,9
low,낮은,9
accommodate,수용하다,9
aisle,측면복도,9
revolution,혁명,9
amount,(금액이)-이 되다,9
wall,벽,9
telephone,전화,9
lone,혼자의,9
army,육군,9
safe,안전한,9
ideal,이상,9
endure,견디다,9
alert,빈틈없는,9
which,어느 쪽,9
win,이기다,9
cheek,볼,9
aircraft,항공기,9
whether,-인지 어떤지,9
love,사랑,9
child,아이,9
map,지도,9
change,변화,9
real,실재하는,9
lecture,강의,9
crucial,결정적인,9
hope,희망,9
believe,믿다,9
blind,눈먼,9
who,누구,9
beard,턱수염,9
behave,행동하다,9
abroad,외국으로,9
trend,방향,9
beg,청하다,9
lawyer,법률가,9
blonde,(살결이 흰)금발의 여성,9
betray,배반하다,9
title,표제,9
modern,현대의,9
legend,전설,9
quite,아주,9
baby,"갓난아이, 막내   관심사, 골치아픈 일,",9
hot,뜨거운,9
experiment,실험,9
hostile,반대하는,9
update,새롭게 하다 최신정보,9
blast,돌풍,9
transact,처리하다,9
time,때,9
transmit,보내다,9
bit,bite의 과거(분사) 작은 조각,9
year,연,9
mistake,틀리다,9
kind,친절한,9
avenue,가로수길,9
latter,뒤쪽의,9
timber,재목,9
loud,시끄러운,9
moisture,습기,9
keep,계속하다,9
bang,강타,9
adolescent,청년기의,9
maintain,계속하다,9
let,시키다,9
lesson,학과,9
baseball,야구,9
bury,묻다,9
horror,공포,9
reception,받음,9
night,밤,9
outcome,결과,9
break,부수다,9
universe,우주,9
last,계속하다,9
avoid,피하다,9
hut,오두막,9
guardian,보호자,9
oral,구두의,9
remain,남다,9
react,반응을 나타내다,9
feature,얼굴의 생김새,9
aboard,배로,9
hell,지옥,9
fire,불,9
psychology,심리학,9
flaw,금,9
dairy,낙농장,9
cynical,냉소적인,9
zoo,동물원,9
soul,혼,9
reason,이성,9
expect,기대하다,9
branch,가지,9
convention,관례,9
fact,사실,9
factor,요소,9
fade,바래다,9
recover,되찾다,9
fall,떨어지다,9
clear,맑은,9
inspire,영감을 주다,9
neither,(둘중)어느쪽도 -아니다 -도 아니다,9
story,층,9
origin,기원,9
connect,잇다 이어지다,9
sophisticated,물정에 닳고 닳은,9
citizen,시민,9
network,그물세공,9
strain,잡아당기다,9
inquire,묻다,9
no,무의,9
sufficient,충분한,9
burst,파열하다,9
strawberry,딸기,9
concept,개념,9
nature,자연,9
point,점,9
dip,담그다,9
spare,여분의,9
sculpture,조각 조각하다,9
expand,펴다,9
sound,소리,9
cow,위협하다 암소,9
sorry,가엾은,9
conflict,투쟁,9
instance,실례,9
consist,-으로 이루어지다,9
invent,발명하다,9
solid,고체의,9
spouse,배우자,9
student,학생,9
south,남쪽 남쪽의 남으로,9
strict,엄중한,9
dignity,위엄,9
see,보다,9
seed,씨앗,9
discharge,짐을부리다,9
accelerate,가속하다 속도가 가해지다,9
format,(서적의)체제,9
fortunate,운좋은,9
powder,가루,9
guest,손님,9
exclude,배척하다,9
eve,"저녁, 밤",9
sheet,깔천,9
die,죽다,9
desert,버리다,9
designate,가리키다,9
serve,섬기다,9
destination,목적지,9
destruction,파괴,9
sensation,감각,9
senior,연상의,9
construct,건조하다,9
code,법전,9
atmosphere,대기,9
crazy,미친,9
evening,저녁,9
peer,동료,9
penalty,벌,9
platform,단,9
goods,상품,9
gorgeous,호화로운,9
physical,물질의,9
remote,먼,9
pet,애완동물,9
dead,죽은,9
gesture,몸짓,9
gulf,만,9
phrase,구,9
degree,도,9
village,"마을, 촌락",9
school,학교,9
distract,전환시키다,9
silver,은,9
hundred,100 100의,9
emotion,감정,9
delight,즐겁게하다 즐거워하다,9
steep,가파른 -에 담그다 잠기다 담그기,9
confess,실토하다,9
shelter,피난처,9
gentleman,신사,9
not,아니다,9
initiate,시작하다,9
decade,10년간,9
damp,축축한 습기 적시다,9
derive,이끌어 내다,9
decide,결정하다,9
disaster,천재,9
initial,처음의,9
inhibit,금하다,9
deficit,결손,9
scramble,기다,9
etc,등등,9
muscle,근육,9
justify,옳다고 하다,9
rat,쥐,9
grand,위대한,9
general,일반적인,9
blend,혼합하다,9
spectrum,스펙트럼,9
instinct,본능,9
awful,두려운,9
curve,곡선,9
elementary,기본의,9
crime,범죄,9
role,(배우의)역,9
gaze,지켜보다,9
garden,뜰,9
evolve,진화하다,9
giant,거인,9
patent,전매특허권 전매특허의,9
pollute,-을 더럽히다,9
praise,칭찬,9
hat,(테있는)모자 모자를 씌우다,9
aware,알고 있는,9
person,사람,9
frame,구조,9
govern,다스리다,9
vital,"생명의, 생명에 관한, 생명유지에 필요한, 살아 있는",9
vote,"찬부 표시, 투표, 표결",9
merge,합병하다,9
log,통나무,9
sour,시큼한 시어지다 시큼한 것,9
salon,객실,9
doctor,박사,9
scissors,가위,9
dive,뛰어들다,9
scan,시의 운율을살피다,9
satisfy,만족시키다,9
bathroom,욕실,9
cord,밧줄,9
transform,"변형(변용,변태)시키다",9
estate,토지,9
nail,손톱,9
arrange,가지런히 하다,9
possess,소유하다,9
circle,원,9
patient,인내심이 강한 환자,9
acknowledge,인정하다,9
desire,바라다,9
plot,음모,9
description,서술,9
sacred,신성한,9
congress,회의,9
feel,만져보다,9
husband,남편 절약하다,9
kick,걷어차다,9
please,기쁘게 하다,9
oblige,(의무를)별수없이 -하게하다,9
retire,퇴직하다,9
wise,슬기로운,9
nothing,아무것도 …없다,9
front,정면,9
paper,종이,9
fresh,새로운,9
deserve, -할 만하다,9
settle,등받이가 높은 긴 의자 놓다,9
ease,안락,9
passport,여권,9
fuel,연료,9
precise,정확한,9
forward,앞쪽에,9
device,고안,9
poster,포스터,9
from,"(분리,이탈,출발점,기점)-로 부터",9
there,거기에,9
portion,"일부, 부분",9
compound,성분 등을 혼합하다,9
pose,"자세, 포즈  마음가짐  꾸민 태도",9
gasoline,가솔린,9
harm,해,9
poll,투표,9
drink,마시다,9
mind,마음,9
tattoo,귀영나팔,9
victory,"승리, 전승",8
rely,믿다,8
view,"봄, 관찰, 개관, 실지 검증  보는 힘, 시계, 시야",8
pregnant,임신한 충만한,8
horse,말,8
agenda,안건,8
free,자유로운,8
age,연령,8
satellite,위성,8
preserve,"보호하다, 지키다",8
replace,되돌려 놓다,8
refuse,거절하다,8
source,원천,8
assault,습격,8
exhibit,보이다,8
frustrate,(계획 등을)좌절시키다,8
input,투입,8
explain,설명하다,8
cattle,소,8
house,집,8
tutor,가정교사,8
newspaper,신문,8
ash,회,8
creep,기다,8
elaborate,공들인,8
bare,벌거벗은,8
beef,쇠고기,8
intellectual,지적인,8
pork,돼지고기,8
eliminate,제거하다,8
incentive,자극적인,8
plan,계획,8
decent,점잖은,8
cottage,시골집,8
commence,시작하다,8
chairman,의장,8
king,왕,8
terminal,종점의,8
dam,댐,8
costume,복장,8
chance,우연,8
infect,감염시키다,8
curl,곱슬머리 머리털을 지지다,8
content,만족하여,8
society,사회,8
install,설치하다,8
curry,카레요리 카레로 맛을 내다,8
integrate,통합하다,8
criticism,비평,8
intimate,친밀한,8
clause,조항,8
judge,재판관,8
dawn,새벽 날이 새다,8
revive,소생하다,8
likely,있을 법한,8
client,소송의뢰인,8
boil,끓다,8
bird,새,8
shave,깎다,8
chat,잡담,8
bee,꿀벌,8
deliver,인도하다,8
continent,자제심이 있는,8
celebrity,명성,8
textbook,교과서,8
communicate,알리다,8
suspect,짐작하다,8
strike,치다,8
boot,목이 긴 구두,8
bounce,뛰어오르다,8
structure,구조,8
component,구성하는 성분,8
storm,폭풍,8
take,잡다,8
stay,머무르다,8
steady,확고한,8
needle,바늘 바늘로 꿰매다 바느질하다 아슬아슬한,8
crisis,위기,8
colony,식민지,8
criteria,criterion의 복수형,8
suspend,매달다,8
command,명령하다,8
nonsense,허튼 소리,8
pinch,꼬집다,8
inevitable,피할 수 없는,8
under,-아래에,8
the,art.저,8
contradict,반박하다,8
they,그들,8
standard,표준,8
brute,야수 짐승같은,8
counterpart,부본,8
spite,악의,8
stand,서다,8
some,얼만가의,8
candidate,지원자,8
car,자동차,8
adjust,맞추다,8
dictionary,사전,8
nowhere,아무데도 …없다,8
many,많은,8
population,인구,8
pitch,던지다,8
imitate,흉내내다,8
dirty,더러운,8
lamp,등,8
negative,부정적인,8
beam,광선,8
bind,매다,8
bay,만,8
lift,끌어올리다,8
moderate,절제하는,8
leap,껑충 뛰다,8
terminate,끝내다,8
conversation,회화,8
motion,운동,8
collar,칼라,8
induce,꾀다,8
monument,기념비,8
orbit,궤도,8
current,유행의,8
station,역,8
lamb,어린 양,8
monkey,원숭이,8
knock,치다,8
confident,확신하는,8
starve,굶어 죽다,8
yesterday,어제,8
wire,철사,8
grandfather,할아버지,8
bell,종,8
rival,경쟁자 경쟁하는 경쟁하다,8
glove,장갑,8
yet,아직,8
emerge,나오다,8
before,앞에,8
perform,다하다,8
trophy,전리품,8
sector,부채꼴,8
secretary,비서,8
royal,왕의,8
guy,녀석,8
desperate,절망적인,8
true,진실,8
absorb,흡수하다,8
encourage,용기를 돋우다,8
manufacture,제조하다,8
unify,하나로 하다,8
economy,절약,8
tremendous,무서운,8
salary,봉급 봉급을 주다,8
duty,의무,8
during,-동안에,8
awake,깨우다,8
rich,부자인,8
pencil,연필 연필로 쓰다,8
ignore,무시하다,8
domain,영토,8
roast,불에 쬐어 굽다 불고기 구운,8
either,어느 하나의,8
mill,멧돌,8
wipe,닦다,8
giraffe,기린,8
embarrass,난처하게 하다,8
round,둥근 원 돌아서,8
mild,온후한,8
abuse,남용,8
easy,쉬운,8
enhance,향상하다,8
oil,기름,8
cheap,값싼,8
bond,결속,8
shut,닫다,8
prison,교도소,8
rescue,구하다,8
vanish,자취를 감추다,8
left,왼쪽의,8
function,기능,8
eraser,지우는 사람,8
reach,도착하다,8
vehicle,"운반 기구, 운송 수단,  수레, 차량, 탈것",8
hurt,상처내다,8
pants,바지,8
full,가득찬,8
queen,여왕,8
meet,-을 만나다,8
fine,훌륭한,8
option,선택(권의 자유),8
envelope,봉투,8
panic,돌연한공포,8
establish,확립하다,8
logic,논리학,8
pat,톡톡 가볍게 치다,8
glass,유리,8
bread,빵,8
versus,"…대, …에 대한",8
gate,문,8
lunch,점심,8
instruct,가르치다,8
fast,빠른,8
girl,소녀,8
incident,사건,8
entertain,즐겁게 하다,8
local,장소의,8
piece,한 조각,8
manage,관리하다,8
legislate,법률을 제정하다,8
fatal,치명적인,8
property,"재산, 자산",8
false,거짓,8
heir,상속인,8
harsh,거친,8
applicant,지원자,8
receive,받다,8
ant,개미,8
harbor,항구,8
hero,영웅,8
aggressive,침략적인,8
previous,"앞의, 이전의",8
envy,질투,8
homework,숙제,8
fiber,섬유,8
photograph,사진 촬영하다,8
rail,가로장,8
prior,"이전의, 앞의",8
beat,치다,8
birth,출생,8
trade,매매,8
choose,고르다,8
crack,찰싹 소리내다 금가다 날카로운소리,8
passage,"통행, 통과",8
enthusiastic,열심인,8
marine,바다의,8
pretend,핑계삼다,8
assist,돕다,8
optimist,낙천가,8
always,늘,8
privacy,"남의 눈을 피함, 은거, 은둔, 은퇴 생활 사생활",8
pronounce,"발음하다, 음독하다",8
force,힘,8
ready,준비가 된,8
flash,번쩍임,8
opportunity,기회,8
holiday,휴일,8
recycle,재생 이용하다,8
welfare,행복,8
forget,잊다,8
material,원료,8
primary,"첫째의, 제1위의, 수위의 초등의, 초보의",8
history,역사,8
appeal,간청하다,8
advertize,광고하다,8
upper,위쪽의,8
suburb,교외,8
repeat,반복하다,8
evil,사악한,8
via,"…을 거쳐, …을 경유하여",8
remember,기억하고 있다,8
testify,증명하다,8
sum,총계,8
corner,모퉁이,8
classroom,교실,8
officer,공무원,8
decorate,장식하다,8
shop,상점,8
jeans,청바지,8
touch,닿다,8
substantial,실체의,8
blame,책망하다,8
dedicate,봉납하다,8
travel,여행하다,8
how,어떻게,8
toy,장난감 장난하다,8
constant,불변의,8
clerk,서기,8
jog,살짝 밀다 덜커덕 움직이다 고르지 않음,8
tone,음조,8
end,끝,8
cooperate,협동하다,8
that,저,8
temple,관자놀이,8
chin,턱(끝) 턱에 대다,8
neutral,중립의,8
crowd,군중,8
delicious,맛있는,8
cloud,구름,8
nice,니스(프랑스 남부의 항구도시),8
compensate,배상하다,8
swing,흔들리다,8
celebrate,경축하다,8
decision,결정,8
defend,방어하다,8
scare,위협하다,8
select,고르다,8
facilitate,쉽게하다,8
wave,물결,8
hip,엉덩이,8
president,대통령 회장,8
and,및,8
loss,잃음,8
characteristic,특유한,8
repair,수선(수정)하다,8
whale,고래,8
pop,팝,8
virtual,"사실상의, 실질상의, 실제의  허상의",8
vocabulary,"어휘, 용어수, 용어 범위",8
planet,행성,8
appreciate,감상하다,8
collapse,붕괴,8
cancer,암,8
fountain,샘,8
effect,결과,8
loan,대부,8
cease,그만두다 그치다 중지,8
enemy,적,8
because,왜냐하면,8
somewhat,약간,8
stream,시내,8
load,짐,8
reform,개정(개혁)하다,8
self,자기,8
ceiling,천장,8
confer,주다,8
symphony,교향곡,8
hazard,위험,8
value,가치,8
business,직업,8
fit,맞는,8
lock,자물쇠,8
meat,(식용짐승의)고기,8
move,움직이다,7
this,이,7
recipe,조리법,7
kitchen,부엌,7
fox,교활한 사람,7
test,시험,7
register,기록,7
report,보고,7
facility,쉬움,7
tip,끝,7
egg,알,7
throw,던지다,7
declare,선언하다,7
barn,헛간,7
disrupt,분열시키다,7
turnover,전복,7
decay,쇠퇴하다,7
dog,개,7
meanwhile,그동안,7
honest,정직한,7
would,auwill의 과거,7
guess,추측(짐작)하다,7
nephew,조카,7
parliament,의회,7
consensus,(의견 등의)일치,7
chief,우두머리,7
heel,발뒤꿈치,7
union,결합,7
picture,그림,7
chew,씹다,7
wrap,싸다,7
by,곁에,7
physics,물리학,7
consent,승낙하다,7
tease,괴롭히다,7
grade,등급,7
finance,재정,7
grass,풀밭,7
conserve,보존하다,7
rain,비,7
bull,황소,7
sell,팔다,7
display,보이다,7
likewise,"같이, 마찬가지로",7
drive,운전하다,7
dream,꿈,7
drawer,제도사,7
daughter,딸,7
defeat,패배,7
bark,짖다,7
customer,고객,7
license,면허,7
large,큰,7
town,읍,7
engage,약속하다,7
crisp,파삭파삭한,7
slim,호리호리한,7
distort,찌그러뜨리다,7
modest,겸손한,7
available,쓸모있는,7
door,문,7
employ,고용하다,7
tin,주석,7
dispose,배열하다,7
delicate,미묘한,7
mere,단순한,7
nut,견과,7
smoke,연기,7
screen,병풍,7
screw,나사,7
veteran,"노련가, 경험 많은 대가, 베테랑",7
remind,생각나게 하다,7
however,아무리,7
especially,특히,7
corn,티눈,7
individual,개인,7
novel,소설,7
doll,인형,7
insert,끼워넣다,7
sweet,단,7
slaughter,도살,7
cultivate,경작하다,7
pink,연분홍색,7
warn,경고하다,7
premier,"국무 총리, 수상",7
leak,샘,7
dry,마른,7
eventually,결국,7
train,기차,7
brush,솔,7
ordinary,보통의,7
ice,얼음,7
develop,발달하다,7
exotic,외국의,7
darling,귀여운,7
custody,보호,7
ground,땅,7
habit,습관,7
continue,계속하다,7
perfect,완전한,7
absent,부재의,7
fasten,단단히 고정시키다,7
fat,살찐,7
tenant,차지인,7
tempt,유혹하다,7
arrow,화살,7
hair,털,7
crown,왕관,7
what,무엇 무슨,7
conduct,행위 이끌다,7
premium,"할증금,  액면 초과액, 프리미엄",7
struggle,버둥거리다,7
duck,머리를 물 속에 쑥 쳐박다,7
alter,바꾸다,7
friend,친구,7
comment,논평,7
prejudice,"편견, 선입관",7
pole,폴란드사람,7
prepare,"준비하 다, 마련하다, 채비를 갖추다",7
wing,날개,7
light,빛,7
window,창,7
contrast,대조,7
money,금전,7
agency,기능,7
ambassador,대사,7
temporary,일시적인,7
bone,뼈,7
joke,농담,7
aloud,큰 소리로,7
into,-안으로,7
plenty,많음,7
chest,가슴팍,7
formula,공식,7
wool,양모,7
translate,번역하다,7
voice,"목소리, 음성, 음성",7
due,지급기일이 된,7
sit,앉다,7
rob,"강탈하다, 약탈하다, 빼앗다",7
bowl,사발,7
million,백만,7
rope,새끼,7
launch,진수시키다,7
caution,조심,7
anchor,닻,7
subtle,미묘한,7
alongside,-의 곁에,7
glue,아교,7
neglect,게을리 하다,7
neat,산뜻한,7
anniversary,기념일 예년의,7
joint,이음매,7
manner,방법,7
fee,요금,7
spoil,망쳐놓다,7
stack,낟가리,7
quit,"(의무,책임을)벗어난 떠나다",7
pair,한쌍,7
step,걷다,7
complex,합성물,7
give,주다,7
hand,손,7
acquaint,알리다,7
glory,영광,7
concrete,구체적인 응고물,7
forbid,금하다,7
steel,강철,7
breed,기르다,7
cowboy,목동,7
be,-이다,7
assign,할당하다,7
cut,베다,7
state,상태,7
earn,일하여 벌다,7
board,널빤지,7
prove,"시험하다, 실험하다, 경험하다, 시험해 보다",7
headquarters,본부,7
accept,받아들이다,7
dump,내버리다,7
grasp,붙잡다,7
goodbye,안녕히 가세요,7
invite,초대하다,7
challenge,도전,7
pile,쌓아 올린 것,7
none,아무도(조금도)-않다 조금도(결코)-않다,7
pan,남비 사금 등을 남비로 가려내다,7
link,사슬의 고리,7
consult,상의하다,7
greed,탐욕,7
career,경력,7
bow,절,7
delete,삭제하다,7
date,날짜,7
block,덩어리,7
cope,코우프(성직자의 긴 겉옷),7
underlie,-의 밑에 있다,7
context,문맥,7
tight,단단한,7
note,기록,7
dose,1회복용량 투약하다,7
fun,즐거운 생각,7
here,여기에,7
pace,한걸음,7
poem,시,7
furthermore,더우기,7
city,도시,7
distant,떨어진,7
rate,율,7
community,공동생활체,7
worship,숭배,7
wild,야생의,7
wear,입다,7
precede,-에 앞서다,7
clarify,맑게 하다,7
involve,말아넣다,7
graphic,그려 놓은 듯한,7
cheer,갈채,7
poor,"가난한 부족한, 불충분한, 빈약한",7
predict,"예언하다, 예보하다 예언하다",7
wind,바람,7
straw,짚,7
stimulate,자극하다,7
conclude,결정하다,7
coach,역마차,7
afford,여유가 있다,7
risk,위험 걸다,7
truth,진리,7
generate,낳다,7
chemistry,화학,7
fuse,신관,7
hall,회관,7
whistle,휘파람,7
head,머리,7
still,소리가 없는 아직(도),7
admire,감복하다,7
chaos,혼돈,7
happy,행운의,7
passenger,승객,7
gang,한 떼,7
case,경우,7
mathematics,수학,7
prompt,"재빠른, 신속한, 즉시 …하는",7
assess,(세금 등을)사정하다,7
heal,고치다,7
foster,기르다,7
climb,기어 오르다,7
mass,덩어리,7
academy,학술원,7
position,위치,7
acquisition,획득,7
hungry,배고픈,7
astonish,놀라게 하다,7
vertical,"수평면에 직각인, 수직의",7
number,수,7
trigger,방아쇠 재빠른,7
could,aucan의 과거,7
hospital,병원,7
lease,임대차,7
devote,바치다,7
therefore,그런 까닭에,7
sock,짧은 양말,7
obey,따르다,7
remove,옮기다,7
vessel,그릇,7
linguistic,말의,7
search,찾다,7
brew,양조하다,7
host,"주인, 집주인 노릇, 호스트",7
express,발표하다,7
utter,전적인,7
discipline,훈련,7
appropriate,적당한,7
asleep,잠들은,7
mechanism,(기계)장치,7
extra,가외의,7
mention,말하다,7
defendant,피고 피고의,7
should,aushall의 과거,7
both,쌍방의,7
evacuate,비우다,7
authentic,진짜의,7
riot,"폭동, 소요, 소동   야단법석, 다채로움,",7
sure,"확신하는, 확실한 , 틀림없는",7
hostage,볼모,7
mediate,중재하다,7
archive,기록보관소,7
beside,-의 곁에,7
rest,휴식,7
broadcast,방송하다,7
special,특별한,7
rumor,소문,7
spark,불꽃,7
impress,인상지우다,7
tower,탑,7
presume,가정하다,7
flock,무리,7
literal,문자의,7
essential,본질적인,7
widow,미망인,7
attack,공격하다,7
threat,협박,7
brown,갈색의 갈색,7
thief,도둑,7
brave,용감한,7
honor,명예,7
destiny,운명,7
vocation,"천직, 사명 직업, 생업, 장사  적성, 소질, 재능",7
violent,"격렬한, 맹렬한",7
mad,미친,7
lion,사자,7
reside,거주하다,7
soak,담그다,7
livingroom,거실,7
sort,종류,7
beyond,저편에,7
secret,비밀의,7
bundle,다발,7
demand,요구하다,7
snap,덥석 물다,7
reduce,줄이다,7
except,-을 제외하고는 제외하다,7
equipment,장비,7
create,창조하다,7
bright,밝은,7
bush,덤불,7
indeed,참으로,7
whereas,cnj.(-인)까닭에,6
advantage,유리한 입장,6
whisper,속삭이다,6
advocate,변호사,6
any,어떤,6
add,추가하다,6
adapt,적용시키다,6
alike,비슷한,6
activate,활동적으로 하다,6
aim,겨누다,6
architecture,건축,6
frown,눈살을 찌푸리다,6
attract,끌어 당기다,6
anxiety,근심,6
attempt,시도하다,6
attach,붙이다,6
vigorous,"정력적인, 강건한, 활기 있는, 격렬한",6
breeze,미풍,6
volume,책  권,6
accord,일치하다,6
accuse,고발하다,6
toe,발가락,6
twice,두 번,6
black,검은,6
exceed,넘다,6
although,비록 -일지라도,6
ugly,추한,6
bat,배트,6
boundary,경계,6
tough,단단한,6
basket,바구니,6
blank,공백,6
toward,-쪽으로,6
bargain,매매,6
between,-의 사이에 사이에,6
bet,걸다,6
berry,액과,6
bedroom,침실 성적인,6
become,-이 되다,6
transition,변천,6
tissue,조직,6
bar,막대기,6
anticipate,예기하다,6
man,남자,6
theme,논제,6
out,밖으로,6
moral,도덕의,6
nod,끄덕이다,6
meal,식사,6
laugh,(소리내어)웃다,6
noise,소리,6
new,새로운,6
lounge,빈둥거리다,6
people,사람들,6
notion,"n,관념",6
long,"(길이,시간 등)긴",6
hold,손에 갖고 있다,6
nevertheless,그럼에도 불구하고,6
norm,표준,6
maybe,아마,6
separate,분리된,6
detect,간파하다,6
danger,위험,6
gender,성,6
sequence,연속,6
clip,가위로 자르다,6
weak,약한,6
serious,진지한,6
apparent,명백한,6
breast,가슴,6
attention,주의,6
tiger,호랑이,6
rare,희귀한,6
puzzle,"당황, 혼란 괴롭히는 사람,  어려운 문제",6
put,"놓다, 두다",6
read,읽다,6
site,부지,6
minimal,최소(한도)의,6
shade,그늘,6
shell,겉껍질,6
degrade,지위를 낮추다,6
definite,일정한,6
decrease,감소하다,6
sick,병난,6
silk,비단,6
shame,부끄럼,6
basis,기초,6
submit,복종시키다,6
thus,이렇게,6
sale,판매,6
empty,빈,6
edit,편집하다,6
pleasant,기분 좋은,6
rice,쌀,6
place,장소,6
roof,지붕,6
god,신,6
down,아래로,6
philosophy,철학,6
rhythm,율동,6
donate,증여하다,6
phase,국면,6
dust,먼지,6
funeral,장사,6
upward,위로 향한,6
ethical,도덕상의,6
brick,벽돌,6
uncle,아저씨,6
research,연구,6
salt,소금,6
undermine,-밑을 파다,6
stone,돌,6
cling,밀착하다,6
guarantee,보증하다,6
hang,걸다,6
calm,평온한,6
park,공원,6
confirm,확인하다,6
strip,벗기다,6
disappoint,실망시키다,6
tell,말하다,6
do,하다,6
high,높은,6
steal,훔치다,6
embassy,대사관,6
right,올바른,6
pocket,포켓,6
raise,올리다,6
elegant,우아한,6
request,부탁하다,6
same,같은,6
gift,선물,6
exclusive,배타적인,6
automobile,자동차 자동차의,6
green,초록색,6
scandal,추문,6
score,득점,6
disease,병,6
scream,비명을 지르다,6
glad,기쁜,6
reward,보수,6
unit,단위,6
absolute,절대의,6
explore,탐험하다,6
diary,일기,6
corporate,법인조직의,6
basic,기본의,6
eye,눈,6
pride,자존심,6
forum,공개토론회,6
exist,존재하다,6
remedy,치료,6
expertise,대가의 의견,6
profound,"깊은, 심원한",6
grave,무덤,6
environment,환경,6
figure,모습,6
fight,싸움,6
rally,규합하다,6
fair,공평한,6
error,잘못,6
resemble,닮다,6
fur,모피,6
pour,따르다,6
future,미래,6
enroll,명부에 올리다,6
propose,"제의하다, 제출하다 추천하다, 지명하다",6
gamble,도박하다 도박 도박해서 잃다,6
possible,가능한,6
drug,약제,6
result,결과,6
expensive,비용이 드는,6
procedure,"진행, 경과 절차",6
fold,주름,6
compete,경쟁하다,6
split,쪼개다,6
compare,비교하다,6
cycle,순환,6
retain,보유하다,6
rod,막대,6
electronic,전자(학)의,6
return,돌아가다,6
embrace,포옹하다,6
diminish,감소하다,6
fix,고정시키다,6
principal,"주요한, 주된, 제일의, 앞장서는",6
forecast,예상,6
pity,불쌍히 여김,6
plus,더하기의 -외에,6
popular,"민중 의, 대중의",6
bean,콩,6
plant,실물,6
monitor,충고자,6
multiple,복합의,6
supply,공급하다,6
draw,당기다,6
root,뿌리,6
panel,판벽널,6
insure,보증하다,6
improve,개선하다,6
leisure,틈,6
mirror,거울,6
inject,주사하다,6
instead,그 대신에,6
imperial,제국의,6
month,월,6
term,기간,6
tax,세금,6
trouser,즈봉,6
cave,동굴 굴을 파다 꺼지다,6
merit,장점,6
goat,염소,6
country,나라,6
pave,(도로를)포장하다,6
museum,박물관,6
patch,깁는 헝겊,6
clue,단서,6
can,au-할 수 있다,6
tiny,자그마한,6
toss,던지다,6
sweep,청소하다,6
classic,고전의,6
sweat,땀,6
master,장,6
conceal,숨기다,6
work,일,6
mayor,시장,6
look,보다,6
consider,숙고하다,6
cell,작은 방,6
capital,수위의,6
suicide,자살 자살하다,6
straight,곧은,6
breathe,숨쉬다,6
graduate,학위를 수여하다,6
intrigue,음모,6
chip,(나무)토막,6
surface,표면,6
task,일,6
gap,갈라진 틈,6
restaurant,요리점,6
cupboard,찬장,6
sight,광경,6
thread,실,6
virgin,"처녀, 동정녀, 미혼 여성, 동정녀 마리아",6
disagree,일치하지 않다,6
compose,구성하다,6
also,-도 또한,6
politics,정치,6
science,과학,6
pond,"못, 연못",6
insult,모욕하다,6
fog,안개,6
familiar,친한,6
frost,서리,6
furious,노하여 펄펄뛰는,6
mouse,새앙쥐,6
item,조항,6
charm,매력,6
narrow,좁은,6
hate,미워하다,6
conform,일치시키다,6
contemporary,현대의,6
since,-이래,6
direct,지도하다,6
inflate,부풀게 하다,6
coast,연안,6
income,수입,6
household,가족,6
interfere,간섭하다,6
health,건강,6
lie,눕다,6
instant,즉시의,6
nightmare,악몽,6
open,열다,6
invest,투자하다,6
level,수평의,6
late,늦은,6
group,집단,6
order,순서,6
cab,택시,6
curious,이상스러운,6
impose,부과하다,6
comfort,위안,6
combat,격투하다,6
calendar,달력,6
consume,소비하다,6
curtain,커어튼,6
curse,저주,6
crush,눌러 부수다,6
cage,새장,6
smart,재치있는,6
smooth,매끄러운,6
size,크기,6
credible,믿을 수 있는,6
speed,속도,6
sphere,구,6
contest,겨루다,6
moment,순간,6
stitch,한 바늘,6
operate,움직이다,6
offend,성나게 하다,6
halt,멈춰서다,6
outstanding,눈에 띄는,6
infant,유아,6
patrol,순회,6
lead,이끌다,6
key,열쇠,6
guilty,죄지은,6
gymnasium,실내체조장,6
leg,다리,6
male,남성의,6
inherent,생태의,6
hide,감추다,6
hear,듣다,6
native,타고난,6
mail,우편물,6
heritage,세습 재산,6
interpret,해석하다,6
naive,소박한,6
liquid,액체,6
magnificent,장대한,6
extreme,극단의,6
luxury,사치,6
lump,덩어리,6
annoy,귀찮게하다,6
nun,수녀 집비둘기의 일종,6
use,쓰다,6
flight,날기,6
red,붉은,6
knee,무릎,6
fabric,천,6
rebel,반역자,6
immense,무한한,6
factory,공장,6
rear,뒤,6
peasant,농부,6
pub,펍,6
religion,종교,6
focus,초점,5
thrill,오싹하다 오싹함,5
aunt,아주머니,5
fist,주먹,5
hunt,사냥하다,5
different,다른,5
define,정의하다,5
delay,늦추다,5
gather,그러모으다,5
author,저자,5
constitute,구성하다,5
attitude,태도,5
fond,좋아하는,5
congratulate,축하하다,5
way,길,5
almost,거의,5
gene,유전(인)자,5
fancy,공상,5
room,방,5
visit,"방문하다, …의 손님으로 묵다",5
ounce,삵괭이,5
consistent,시종일관한,5
symptom,조짐,5
contribute,기부하다,5
assert,단언하다,5
adventure,모험 모험하다,5
per,-에 의하여,5
dig,파다,5
job,일,5
fantastic,환상적인,5
knot,매듭(=tie),5
appoint,지정하다,5
fan,(영화 등의)팬,5
fruit,과일,5
another,또 하나,5
horn,뿔,5
resource,자원,5
accurate,정확한,5
we,우리가,5
journey,여행,5
field,들,5
build,짓다,5
framework,뼈대,5
budget,예산,5
compile,편찬하다,5
bicycle,자전거 자전거를 타다,5
ghost,유령,5
very,매우,5
even,-조차,5
competent,능력있는,5
pill,알약,5
hobby,취미,5
I,"나는, 내가",5
flag,기,5
rent,지대,5
formation,형성,5
external,외부의,5
breakfast,아침밥,5
every,모든,5
chill,차가움,5
enter,들어가다,5
explicit,명백한,5
enterprise,기획,5
wife,아내,5
altogether,전혀,5
half,반,5
major,큰쪽의,5
combine,결합하다,5
help,돕다,5
disabled,불구가 된,5
escape,도망하다,5
air,공기,5
lot,제비,5
cat,고양이,5
locate,관청 등을 두다,5
dread,두려워하다 두려움,5
reflect,반사하다,5
soccer,축구,5
summit,꼭대기,5
mouth,입,5
rub,마찰하다,5
show,보이다,5
statue,조상,5
trip,여행,5
overwhelm,압도하다,5
rubber,맛사지사,5
talk,말하다,5
steam,증기,5
wound,부상,5
slight,약간의,5
over,위쪽,5
resign,사임하다,5
questionnaire,질문표,5
quick,빠른,5
pear,서양배,5
of,출신의,5
heart,심장,5
noon,정오,5
furniture,가구,5
suffer,경험하다,5
forest,숲,5
near,가까이 -의 가까이에 가까운 접근하다,5
wedding,혼례,5
squeeze,압착하다,5
medieval,중세(풍)의,5
certain,확신하는,5
multiply,늘리다,5
treat,대우하다,5
super,임시고용배우,5
reputation,평판,5
stiff,굳은,5
personality,개성,5
venture,모험,5
provide,"준비하다, 미리 …에 대비하다  규정하다",5
thin,얇은,5
relate,이야기하다,5
soft,부드러운,5
weight,무게,5
suck,빨다,5
olive,올리브나무,5
skirt,스커어트,5
sing,노래하다,5
shield,방패,5
rapid,빠른,5
swear,맹세하다,5
once,한번,5
reluctant,마음이 내키지 않는,5
smile,미소짓다 미소,5
such,이러한,5
bishop,주교,5
ring,고리,5
sun,태양,5
naked,발가벗은,5
nuclear,"핵의, 핵을 형성하는 원자핵의",5
scheme,계획,5
name,이름,5
overhead,머리위에 머리 위의,5
regard,주목해서 보다,5
thing,물건,5
strange,이상한,5
restore,반환하다,5
rational,합리적인,5
she,그녀는,5
scrub,(관목의)숲,5
monster,괴물,5
object,사물,5
phenomenon,현상,5
overnight,전날밤의,5
tender,제공,5
shower,소나기 빗발치듯 퍼붓다(쏟다),5
nowadays,"오늘날에는, 요즈음에는",5
receipt,수령,5
republic,공화국,5
molecule,분자,5
strategy,용병학,5
body,신체,5
abstract,추상적인,5
forgive,용서하다,5
luck,운,5
fry,기름으로 튀기다,5
just,올바른,5
anxious,걱정되는,5
handle,손잡이,5
awesome,무서운,5
insight,통찰(력),5
floor,마룻바닥,5
identify,동일시하다,5
contrary,반대의 반대 거꾸로,5
criminal,죄의,5
cloth,천,5
haste,급함,5
grape,포도,5
surprise,놀람,5
come,오다,5
profession,"직업 공언, 선언, 고백",5
margin,가장자리,5
university,종합대학(교) 대학의(에 관계 있는),5
purpose,목적,5
wit,기지,5
weapon,무기,5
weave,짜다,5
punch,"주먹질, 펀치  힘, 활기",5
supper,저녁식사,5
van,유개트럭,5
prime,"수위의, 최초의, 원시적인",5
sore,슬픈,5
mental,마음의,5
west,서쪽,5
spoon,숟가락,5
spirit,정신,5
specific,특정한,5
speak,이야기하다,5
emergency,비상사태,5
accompany,동반하다,5
public,"심리, 심리 상태",5
extraordinary,이상한,5
affair,일,5
evolution,진화,5
comedy,희극,5
earth,지구,5
liberal,자유주의의,5
restrict,제한하다,5
against,…에 반대하여,5
again,다시,5
afraid,두려워하여,5
carve,조각하다,5
grab,붙잡다(=snatch),5
rock,바위,5
send,보내다,5
biology,생물학,5
convenient,편리한,5
entry,들어감,5
heavy,무거운,5
fertile,비옥한,5
foundation,기초,5
go,가다,5
balloon,기구,5
cold,추운,5
inform,알리다,5
agriculture,농업,5
produce,"생산하다, 산출하다, 생기게 하다,",5
urgent,긴급한,5
admission,입장,5
start,시작하다,5
mount,산,5
mountain,산,5
surround,에워싸다,5
each,각각의,5
like,좋아하다,5
play,놀다,5
clinic,병원,5
paragraph,(문장의)절,5
obtain,얻다,5
food,음식,5
bake,굽다,5
destroy,파괴하다,5
counter,계산하는 사람,5
football,축구,5
behind,뒤에,5
immediate,직접의,5
fright,(갑자기 엄습하는)공포,5
freeze,얼다,5
cable,해저전신,5
imply,함축하다,5
cop,순경,5
cliff,절벽,5
stomach,위,5
brain,뇌,5
fault,결점,5
fish,물고기,5
keen,날카로운,5
bin,궤,5
gentle,온화한,5
investigate,조사하다,5
mechanic,직공,5
supplement,부록,5
suite,수행원,5
nasty,불쾌한,5
find,발견하다,5
join,결합하다,5
in,-속에,5
convey,나르다,5
interact,서로 작용하다,5
manipulate,(손으로)다루다,5
if,만일 -이라면,5
mortal,죽을운명의,5
gold,금,5
informal,비공식의,5
alive,살아있는,5
prosper,번영하다,5
professor,교수,5
understand,이해하다,5
uniform,한결같은,5
all,모든,5
unique,유일무이한,5
sole,유일한 발바닥,5
warrant,보증하다 보증,5
solve,해결하다,5
soil,흙,5
detach,분리하다,5
welcome,환영 환영받는,5
walk,걷다,5
snow,눈 눈이 내리다,5
presence,"존재, 현존, 실재  출석, 임석, 참석",5
publish,"발표 하다, 널리 알리다",5
undergo,(영향 등을)받다,5
whole,전체의,5
river,강,5
umbrella,우산,5
interrupt,훼방놓다,5
pain,고통,5
manifest,명백히 하다,5
medical,의학의,5
total,총계 전체의 합계하다,5
vegetable,"식물  야채, 푸성귀, 남새, 채소",5
type,형,5
otherwise,딴 방법으로는,5
will,의지,5
interest,흥미,5
rainbow,무지개,5
perhaps,아마,5
average,평균,5
intent,의향,4
bend,구부리다,4
intend,-할 작정이다,4
carry,나르다,4
morning,아침,4
tribe,종족,4
grip,잡기,4
transfer,옮기다,4
nor,-도 또한-않다,4
dispute,논쟁하다,4
path,작은 길,4
nobody,아무도 -않다 하찮은 사람,4
positive,"명확한, 의문의 여지가 없는, 부정할 수 없는",4
audience,청중,4
finger,손가락 손가락을 대다,4
opinion,의견,4
part,부분,4
amaze,깜짝 놀라게 하다,4
through,(-을)통하여 통하여 직통의,4
merchant,상인,4
notice,"통지, 통보",4
internal,내부의,4
mock,조롱하다,4
highway,대도,4
birthday,생일,4
rise,올리다,4
microphone,확성기,4
automatic,자동의,4
attend,출석하다,4
invade,침입하다,4
actual,현실의,4
mood,(일시적인)기분,4
know,알다,4
dine,저녁식사를 하다,4
injure,해치다,4
nonetheless,역시,4
smash,박살내다,4
song,노래,4
ethnic,인종의,4
twin,쌍동이,4
verbal,"말의, 말에 관한, 언어상의, 말로 나타낸, 말로 된",4
bite,물다,4
inside,안쪽,4
recall,되부르다,4
loose,풀어진,4
apply,(물건을)대다,4
form,모양,4
span,한 뼘,4
store,가게,4
wish,바라다,4
lady,귀부인,4
compulsory,의무적인,4
lack,결핍,4
communist,공산주의자,4
comprehensive,이해력있는,4
grant,받아들이다,4
commission,위임,4
choir,(교회의)성가대,4
dot,점,4
practical,실제의,4
fellow,동무,4
urban,도시의,4
leather,무두질한 가죽,4
library,도서관,4
sink,가라앉다,4
coincide,일치하다,4
gross,총계의,4
lip,입술,4
ought,au해야만 하다,4
hook,갈고리,4
make,만들다,4
weird,불가사의한,4
airline,정기항공,4
ago,이전에,4
beneath,-의 바로 아래에,4
veterinarian,수의사,4
version,"번역, 번역문 개작, 각색, 번안",4
stress,압박,4
blow,강타,4
attorney,변호사,4
owe,지불할 의무가 있다,4
close,닫다,4
ancient,옛날의,4
tune,곡,4
A.M.,오전,4
instrument,기구,4
typical,전형적인,4
next,다음의,4
bitter,쓴,4
company,교제,4
discriminate,분별하다,4
seal,인장,4
annual,일년의,4
benefit,이익,4
among,-중에,4
scene,장면,4
behavior,행동,4
cotton,목화,4
seize,붙잡다,4
attribute,속성,4
machine,기계,4
alien,외국의,4
surgery,외과,4
honey,벌꿀,4
need,필요,4
bride,신부,4
medicine,약,4
aspect,관점,4
acquire,얻다,4
therapy,치료법,4
withdraw,물러나다,4
lay,눕히다,4
sex,성,4
implement,기구,4
arrest,체포하다,4
tooth,이,4
incorporate,합동시키다,4
on,위에,4
thorough,완전한,4
bless,축복하다,4
watermelon,수박,4
ally,동맹하다,4
encounter,조우,4
bother,괴롭히다 근심하다 귀찮음,4
toxic,독의,4
intelligent,지적인,4
mix,섞다,4
minor,작은 편의,4
approach,다가가다,4
tobacco,담배,4
lend,빌리다,4
capable,할 수 있는,3
hire,고용하다,3
extent,넓이,3
private,"사적인, 사사로운, 개인에 속한",3
ship,배,3
junior,손아래사람,3
frankly,솔직히,3
approve,시인하다,3
humor,유우머,3
magazine,잡지,3
exit,출구,3
cookie,쿠키,3
occasion,경우,3
voyage,여행,3
diverse,다양한,3
difficult,곤란한,3
kid,아이,3
circulate,순환하다,3
visual,"시각의, 물건을 보기 위한",3
string,끈,3
aside,곁에,3
favorite,마음에 드는 좋아하는 물건,3
nurse,유모,3
greet,인사하다,3
pardon,용서하다 용서,3
loyal,충성스러운,3
castle,성,3
episode,삽화,3
father,아버지,3
couple,한 쌍,3
social,사회의,3
shallow,얕은 얕은 곳 얕아지다,3
tide,조수,3
guideline,지침,3
clap,짝짝,3
mushroom,버섯,3
quiet,조용한,3
convict,유죄로 판결하다 죄수,3
emit,방사하다,3
core,핵심,3
entire,전체의,3
enforce,실시하다,3
diplomat,외교관,3
sensible,분별있는,3
shelf,선반,3
present,"있는, 존재하는",3
shoe,구두,3
suggest,암시하다,3
awkward,어색한,3
crash,도산,3
color,착색하다,3
assure,보증하다,3
drop,방울,3
splash,튀기다,3
yell,고함치다,2
act,vi행동하다,2
sudden,별안간의,2
nervous,신경의,2
efficient,능률적인,2
divorce,이혼,2
say,말하다,2
spectacle,광경,2
drain,배수하다,2
worth,가치가 있는 가치,2
persist,고집하다,2
slip,(때가)어느덧 지나가다,2
shore,물가,2
bunch,송이,2
comprise,포함하다,2
evident,명백한,2
extend,뻗다,2
sugar,설탕,2
wood,숲,2
study,학문,2
engine,엔진,2
review,재조사,2
port,"항구, 항만, 상항",2
limit,한계,2
innovate,새롭게 하다,2
trace,발자국,2
example,보기,2
adequate,충분한,2
deliberate,숙고하다,2
exaggerate,과장하다,2
season,계절,2
electric,전기의,2
good,좋은,2
scatter,뿔뿔이 흩어 버리다,2
important,중요한,2
column,(신문 등의)난,2
cruise,순항하다,2
north,"북, 북 쪽, 북부",2
institute,만들다,2
pope,로마 교황  최고 권위자로 자처하는 사람,2
describe,기술하다,2
convert,바꾸다,2
at,-에서,2
certificate,증명서,2
obsess,늘러붙다,2
superb,장려한,2
vacation,휴가,1
qualify,자격을 부여하다,1
finite,한정되어 있는,1
talent,재주,1
eat,먹다,1
stir,휘젓다,1
counsel,의논,1
coordinate,동격의,1
battery,전지,1
asset,자산,1
curriculum,과목,1
skill,숙련,1
silent,조용한,1
organize,조직하다,1
rural,시골의,1
chop,(도끼 등으로)자르다,1
fail,실패하다,1
blue,푸른,1
think,생각하다,1
desk,책상,1
discourse,강연,1
shock,격돌,1
distribute,분배하다,1
foreign,외국의,1
troop,대,1
bear,나르다,1
slope,비탈,1
copyright,판권,1
collaborate,공동으로 일하다,1
question,"물음, 질문, 질의",1
farm,농장,1
begin,시작하다,1
brilliant,빛나는,1
terrace,계단모양의 뜰(광장),1
club,클럽,1
genius,천재,1
defense,방어,1
telegraph,전신,1
civil,시민의,1
objective,객관적인,1
pleasure,즐거움,1
inhabit,살다,1
melt,녹다,1
executive,집행의,1
reject,거절하다,1
orient,동양 동양의 동쪽으로 향하게 하다,1
noble,고귀한,1
former,이전의,1
fundamental,기초(기준)의,1
chair,의장,1
jail,교도소,1
class,계급,1
rush,돌진하다,1
geography,지리,1
recommend,추천하다,1
sack,마대,1
respective,각각의,1
